{
    "name": "preset test",
    "description": "a large scale preset test",
    "scenarioID": 1,
    "systemName": "Centax-3",
    "author": "Ferretmaster",
    "gameType": "Singleplayer",
    "playerCount": 3,
    "aiCount": 2,
    "winCondition": "Default",
    "requireBuilders":true,
    "objectives": [
        {
            "name": "timed_objective",
            "id":2,
            "description": "does things after a timer started when they are activated",
            "hidden":true,
            "type": "timed",
            "time":10,
            "startingObjective": true,
            "successTriggers": [
                "spawn_preset_player_1",
                "spawn_preset_player_2",
                "spawn_preset_player_3"
            ],
            "failureTriggers": [
                ""
            ],
            "successObjectives": [
                ""
            ],
            "failureObjectives": [
                ""
            ]
        },
        {
            "name": "spawn_waves",
            "id":1,
            "visible":false,
            "description": "Spawns waves of bugs periodically.",
            "playerType":"ai",
            "spawnEffect":"pingRed",
            "spawnEffectDuration":3,
            "effectContext":"groups",
            "group":true,
            "accelerate_by_dont_spawn_type":true,
            "accelerate_value":0.1,
            "show_area":false,
            "type":"spawn_waves",
            "planet":0,
            "dont_spawn_near_unit_type":"UNITTYPE_Shield",
            "dont_spawn_radius":250,
            "spawn_near_unit_types":[],
            "spawn_near_radius":300,
            "lastCalled":0,
            "timesCalled":-60,
            "progress":-16,
            "maxDifficulty":100000,
            "scalingNumber":0.15,
            "scalingRatio":0.1,
            "waveInterval":60,
      
            "unitValues":[

                
            {
                
                "waveChance":0.6,

                "spitters":{
                    "value":1,
                    "units":[
                        ["/pa/units/land/bug_scout/bug_scout.json",2,40],
                        ["/pa/units/land/bug_scorcher/bug_scorcher.json",80,600],
                        ["/pa/units/land/bug_basilisk/bug_basilisk.json",300,300000]
                    
                    ]
                },
                "melee":{
                    "value":1,
                    "units":[
                         ["/pa/units/land/bug_grunt/bug_grunt.json",2,40],
                         ["/pa/units/land/bug_grunt_big/bug_grunt_big.json",20,400],
                         ["/pa/units/land/bug_warrior/bug_warrior.json",60,600]
                         ]

                },
                "warrior":{
                    "value":1,
                    "units":[
                         ["/pa/units/land/bug_warrior/bug_warrior.json",200,1000],
                         ["/pa/units/land/bug_warrior_big/bug_warrior_big.json",200,100000]
                         ]

                }
            },
            {
                
                "waveChance":0.4,

                "runners":{
                    "value":1,
                    "units":[
                         ["/pa/units/land/bug_runner/runner.json",25,50000000]
                      
                         ]

                }
            }

        ],
            "startingObjective": true,
            "finishDuration": null,
            "successTriggers": [
                ""
            ],
            "failureTriggers": [
                ""
            ],
            "successObjectives": [
                ""
            ],
            "failureObjectives": [
                ""
            ]
        },
        {
            "name": "spawn_waves_2",
            "id":3,
            "visible":false,
            "description": "Spawns waves of bugs periodically.",
            "playerType":"ai",
            "spawnEffect":"pingRed",
            "spawnEffectDuration":3,
            "effectContext":"groups",
            "accelerate_by_dont_spawn_type":true,
            "accelerate_value":0.1,
            "show_area":false,
            "type":"spawn_waves",
            "group":false,
            "planet":0,
            "dont_spawn_near_unit_type":"UNITTYPE_Shield",
            "dont_spawn_radius":250,
            "spawn_near_unit_types":[],
            "spawn_near_radius":300,
            "lastCalled":0,
            "timesCalled":0,
            "progress":-4,
            "maxDifficulty":100000,
            "scalingNumber":0.35,
            "scalingRatio":0.2,
            "waveInterval":40,
      
            "unitValues":[{

                "waveChance":1.0,
                "spitters":{
                    "value":3,
                    "units":[
                        ["/pa/units/land/bug_scout/bug_scout.json",1,40],
                        ["/pa/units/land/bug_scorcher/bug_scorcher.json",80,400],
                        ["/pa/units/land/bug_basilisk/bug_basilisk.json",500,300000]
                    ]
                },
                "melee":{
                    "value":3,
                    "units":[
                         ["/pa/units/land/bug_grunt/bug_grunt.json",1,25],
                         ["/pa/units/land/bug_grunt_big/bug_grunt_big.json",20,400]
                         ]

                },
                "warrior":{
                    "value":2,
                    "units":[
                         ["/pa/units/land/bug_warrior/bug_warrior.json",50,500],
                         ["/pa/units/land/bug_warrior_big/bug_warrior_big.json",300,100000]
                         ]
                }
               

            }],
            "startingObjective": true,
            "finishDuration": null,
            "successTriggers": [
                ""
            ],
            "failureTriggers": [
                ""
            ],
            "successObjectives": [
                ""
            ],
            "failureObjectives": [
                ""
            ]
        },
        {
            "name": "kill_counter_1",
            "id":4,
            "visible":true,
            "description": "Tons Of Biomass Destroyed",
            "result":"Get rewarded with a kaiju for each control tower",
            "needed":500,
            "syntax":"/",
            "type":"destroyed_metal_counter",
            "counterValue":100,
            "progress":0,
            "startingObjective": true,
            "finishDuration": null,
            "successTriggers": [
                "reward1"
            ],
            "failureTriggers": [
                ""
            ],
            "successObjectives": [
                "kill_counter_2"
            ],
            "failureObjectives": [
                ""
            ]
        },
		{
            "name": "kill_counter_2",
            "id":5,
            "visible":true,
            "description": "Tons Of Biomass Destroyed",
            "result":"Get rewarded with 3 kaiju for each control tower",
            "needed":6000,
            "syntax":"/",
            "type":"destroyed_metal_counter",
            "counterValue":100,
            "progress":0,
            "startingObjective": false,
            "finishDuration": null,
            "successTriggers": [
                "reward2"
            ],
            "failureTriggers": [
                ""
            ],
            "successObjectives": [
                "kill_counter_3"
            ],
            "failureObjectives": [
                ""
            ]
        },
        {
            "name": "kill_counter_3",
            "id":6,
            "visible":true,
            "description": "Tons Of Biomass Destroyed",
            "result":"Survive",
            "needed":100000,
            "syntax":"/",
            "type":"destroyed_metal_counter",
            "counterValue":100,
            "progress":0,
            "startingObjective": false,
            "finishDuration": null,
            "successTriggers": [
                ""
            ],
            "failureTriggers": [
                ""
            ],
            "successObjectives": [
                ""
            ],
            "failureObjectives": [
                ""
            ]
        },
        {
            "name": "setup start zapper",
            "id":7,
            "description": "sets up starting zapper",
            "hidden":true,
            "type": "timed",
            "time":0,
            "startingObjective": true,
            "successTriggers": [
        
               "starting zappers","starting units"
            ],
            "failureTriggers": [
                ""
            ],
            "successObjectives": [
                ""
            ],
            "failureObjectives": [
                ""
            ]
        }
    ],
    "triggers":[
        {
            "name": "spawn_preset_player_1",
            "id": 1,
            "playerIndex": 0,
            "type": "preset",
            "location": {},
            "delay": 5,
            "prefab": {
                "planet": 0,
                "units": {
                    "/pa/units/land/energy_plant/energy_plant.json": {
                        "pos": [
                            [ -177.4828643798828, -344.97222900390625, -312.9060363769531 ],
                            [ -181.01220703125, -354.727783203125, -299.43267822265625 ]
                        ],
                        "orientation": [
                            [ 0.8785752654075623, -0.1692122220993042, -0.12924018502235413, 0.4275159239768982 ],
                            [ 0.8799293637275696, -0.17241352796554565, -0.1336355209350586, 0.4220658242702484 ]
                        ]
                    },
                    "/pa/units/land/land_barrier/land_barrier.json": {
                        "pos": [
                            [ -114.42414093017578, -458.4989318847656, -158.93321228027344 ],
                            [ -129.18199157714844, -456.9520568847656, -151.902099609375 ],
                            [ 99.4337387084961, -409.3875427246094, -269.5118103027344 ],
                            [ -136.97610473632812, -453.8174743652344, -155.12521362304688 ],
                            [ 100.28575134277344, -421.2659606933594, -249.9818878173828 ],
                            [ 111.49119567871094, -412.88433837890625, -259.2381591796875 ],
                            [ -252.54624938964844, -364.33502197265625, -227.21102905273438 ],
                            [ -263.85455322265625, -355.853515625, -227.69854736328125 ],
                            [ -273.729736328125, -343.34979248046875, -235.33895874023438 ],
                            [ 121.90447998046875, -245.7493133544922, -416.6576843261719 ],
                            [ -244.7041778564453, -238.2669219970703, -362.3464660644531 ],
                            [ -230.98464965820312, -233.52383422851562, -374.75738525390625 ],
                            [ -236.28085327148438, -234.4601287841797, -370.5994567871094 ],
                            [ 111.5445785522461, -235.21934509277344, -425.6984558105469 ],
                            [ 99.46681213378906, -231.17660522460938, -430.99908447265625 ],
                            [ -89.46642303466797, -176.87342834472656, -459.7295227050781 ],
                            [ -96.12415313720703, -175.01727294921875, -459.0337829589844 ],
                            [ -109.23892974853516, -169.29969787597656, -458.4047546386719 ]
                        ],
                        "orientation": [
                            [ 0.8029474020004272, -0.16589456796646118, 1.3474934945634232e-8, 0.5724985003471375 ],
                            [ 0.7334989905357361, 0.3297192454338074, -0.37685248255729675, 0.45961591601371765 ],
                            [ 0.8535371422767639, 0.17783260345458984, 1.3657114550369442e-8, 0.4897448718547821 ],
                            [ 0.7762683033943176, -0.21010249853134155, 0, 0.5943605303764343 ],
                            [ 0.8514133095741272, 0.18225763738155365, 6.455955769979482e-9, 0.49181050062179565 ],
                            [ -0.38319525122642517, 0.7819364666938782, -0.48202306032180786, -0.09690570086240768 ],
                            [ 0.808854877948761, 0.28880876302719116, -0.4063210189342499, 0.31184402108192444 ],
                            [ 0.8104485869407654, 0.2789318561553955, -0.41835933923721313, 0.30057573318481445 ],
                            [ 0.6941465139389038, -0.4970128536224365, -0.021209076046943665, 0.5202778577804565 ],
                            [ 0.7848808765411377, 0.5492778420448303, -0.04642713442444801, 0.2830204367637634 ],
                            [ 0.6699236631393433, -0.6435711979866028, 0, 0.3701600134372711 ],
                            [ -0.6389394402503967, 0.6808664202690125, -0.002848451491445303, -0.3580073416233063 ],
                            [ 0.7720741033554077, -0.5121226906776428, -0.06744720786809921, 0.3702472448348999 ],
                            [ -0.5546275973320007, 0.788029134273529, -0.26485392451286316, -0.03536693751811981 ],
                            [ -0.49408355355262756, 0.8300535678863525, -0.256602942943573, -0.032364021986722946 ],
                            [ -0.519742488861084, 0.8259273767471313, -0.10890882462263107, -0.18934275209903717 ],
                            [ -0.629307210445404, 0.7458289265632629, -0.08158557116985321, -0.20262180268764496 ],
                            [ -0.5145549774169922, 0.8303118944168091, -0.07818059623241425, -0.19925670325756073 ]
                        ]
                    },
                    "/pa/units/land/radar/radar.json": {
                        "pos": [ [ -163.21971130371094, -373.4243469238281, -286.6238098144531 ] ],
                        "orientation": [ [ 0.8035238981246948, -0.37934374809265137, -1.336228572235143e-9, 0.45874571800231934 ] ]
                    },
                    "/pa/units/land/laser_defense/laser_defense.json": {
                        "pos": [
                            [ 88.06655883789062, -416.3938293457031, -262.0594482421875 ],
                            [ -126.90436553955078, -452.947021484375, -164.77716064453125 ],
                            [ -257.8485412597656, -354.7884826660156, -235.86703491210938 ],
                            [ 101.49112701416016, -245.6887969970703, -422.4088439941406 ],
                            [ -228.72430419921875, -244.9515380859375, -368.33819580078125 ],
                            [ -102.4745864868164, -182.03414916992188, -454.68743896484375 ]
                        ],
                        "orientation": [
                            [ 0.8535371422767639, 0.17783260345458984, 1.3657114550369442e-8, 0.4897448718547821 ],
                            [ 0.793103814125061, -0.21803168952465057, 2.355067252324261e-9, 0.5687254667282104 ],
                            [ 0.6994102001190186, -0.49543434381484985, -3.4717686503427103e-9, 0.5151410698890686 ],
                            [ 0.8955065608024597, 0.34628570079803467, 0, 0.27956074476242065 ],
                            [ 0.6677917242050171, -0.6422010064125061, -7.626628217849429e-10, 0.37634050846099854 ],
                            [ -0.5375656485557556, 0.8137372732162476, -0.10509262979030609, -0.19444918632507324 ]
                        ]
                    }
                }
            }
        },
        {
            "name": "spawn_preset_player_2",
            "id": 2,
            "playerIndex": 1,
            "type": "preset",
            "location": {},
            "delay": 5,
            "prefab":{
                "planet": 0,
                "units": {
                    "/pa/units/land/energy_plant/energy_plant.json": {
                        "pos": [
                            [ -269.0685729980469, 317.5606384277344, -273.5115051269531 ],
                            [ -254.33651733398438, 321.7365417480469, -281.92059326171875 ]
                        ],
                        "orientation": [
                            [ -0.6782960295677185, -0.5662077069282532, -3.768415268723402e-8, 0.468319833278656 ],
                            [ -0.561318576335907, 0.6882569789886475, 0.45919284224510193, 0.019124019891023636 ]
                        ]
                    },
                    "/pa/units/land/land_barrier/land_barrier.json": {
                        "pos": [
                            [ -410.51708984375, 108.32819366455078, -262.73638916015625 ],
                            [ -387.9991455078125, 282.8986511230469, -136.37525939941406 ],
                            [ -401.14093017578125, 95.51512145996094, -281.5697021484375 ],
                            [ -414.3514404296875, 99.1578369140625, -260.73394775390625 ],
                            [ -395.1629333496094, 273.4297790527344, -135.27725219726562 ],
                            [ -384.2457580566406, 287.8859558105469, -136.50286865234375 ],
                            [ -282.1668395996094, 70.38996887207031, -406.2261962890625 ],
                            [ -262.11785888671875, 79.60577392578125, -417.6453857421875 ],
                            [ -273.7757263183594, 60.28941345214844, -414.1286315917969 ],
                            [ -206.50833129882812, 439.7449035644531, -112.18138885498047 ],
                            [ -194.8966064453125, 445.2488708496094, -111.40836334228516 ],
                            [ -59.158390045166016, 176.7062530517578, -460.49847412109375 ],
                            [ -50.878170013427734, 196.8903350830078, -452.7767028808594 ],
                            [ -180.7883758544922, 450.21893310546875, -113.83592987060547 ],
                            [ -51.11581802368164, 177.9279022216797, -460.82379150390625 ],
                            [ -50.279972076416016, 385.0851745605469, -308.1465759277344 ],
                            [ -31.697294235229492, 374.0312805175781, -323.4091796875 ],
                            [ -30.752592086791992, 378.8608703613281, -317.92889404296875 ]
                        ],
                        "orientation": [
                            [ 0.3875649571418762, 0.7878067493438721, -0.08555839210748672, -0.47099241614341736 ],
                            [ -0.144969180226326, -0.7801902890205383, -0.2593330442905426, 0.5504847168922424 ],
                            [ 0.8035231232643127, -0.3805941641330719, -0.4468863904476166, 0.09895182400941849 ],
                            [ -0.19398047029972076, -0.8573052883148193, 3.962006722701972e-9, 0.47686415910720825 ],
                            [ 0.7279863357543945, -0.3193362355232239, -0.5937089920043945, -0.12477999925613403 ],
                            [ -0.15577253699302673, -0.7777817249298096, -0.27248603105545044, 0.544556736946106 ],
                            [ 0.8452450037002563, -0.4361879825592041, -0.3030639886856079, 0.0587632916867733 ],
                            [ 0.9348925948143005, -0.2074301540851593, -0.2866555154323578, -0.027879808098077774 ],
                            [ 0.7979148030281067, -0.517717182636261, -0.2957584261894226, 0.08847527205944061 ],
                            [ 0.7413685321807861, -0.27922093868255615, -0.4328525960445404, -0.4301708936691284 ],
                            [ 0.742395281791687, -0.28116312623023987, -0.4299980401992798, -0.4299980700016022 ],
                            [ 0.9154118895530701, 0.346137136220932, 0.024509865790605545, -0.20398381352424622 ],
                            [ 0.8944152593612671, -0.38413873314857483, -0.135106161236763, -0.18494655191898346 ],
                            [ -0.7377968430519104, -0.29293394088745117, -1.1319589710012679e-9, 0.6081492900848389 ],
                            [ 0.8275115489959717, -0.5225080847740173, -0.14811325073242188, -0.14238186180591583 ],
                            [ -0.8943061828613281, -0.10393329709768295, 0, 0.4352175295352936 ],
                            [ -0.6287310719490051, 0.6580268144607544, 0.32735177874565125, 0.2540448307991028 ],
                            [ 0.9099430441856384, 0.01501146238297224, -0.01365295983850956, -0.41423648595809937 ]
                        ]
                    },
                    "/pa/units/land/radar/radar.json": {
                        "pos": [ [ -267.7149963378906, 305.9791259765625, -287.61962890625 ] ],
                        "orientation": [ [ -0.6744233965873718, -0.5800395011901855, 0, 0.45684492588043213 ] ]
                    },
                    "/pa/units/land/laser_defense/laser_defense.json": {
                        "pos": [
                            [ -408.48291015625, 101.15664672851562, -268.77850341796875 ],
                            [ -389.3587646484375, 277.1192932128906, -144.69589233398438 ],
                            [ -270.759521484375, 74.55477142333984, -413.2154235839844 ],
                            [ -200.13775634765625, 440.3568115234375, -119.96160888671875 ],
                            [ -63.50046157836914, 184.8892822265625, -456.327392578125 ],
                            [ -41.67428970336914, 376.354736328125, -319.5635681152344 ]
                        ],
                        "orientation": [
                            [ -0.2385891228914261, -0.8455377817153931, -3.867461018103313e-9, 0.4776412546634674 ],
                            [ 0.7306280732154846, -0.3132447302341461, -0.5926461219787598, -0.12973439693450928 ],
                            [ -0.2863975763320923, -0.9133501052856445, 1.7070625801807182e-8, 0.2894271910190582 ],
                            [ -0.7237650752067566, -0.3261403739452362, -2.08525339218113e-8, 0.6081091165542603 ],
                            [ -0.9118716716766357, -0.3505176901817322, 1.0220860602316861e-8, 0.21360570192337036 ],
                            [ -0.9036580324172974, -0.09957326203584671, 1.1966213575576035e-9, 0.41651812195777893 ]
                        ]
                    }
                }
            } 
        },
        {
            "name": "spawn_preset_player_3",
            "id": 3,
            "playerIndex": 2,
            "type": "preset",
            "location": {},
            "delay": 5,
            "prefab": {
                "planet": 0,
                "units": {
                    "/pa/units/land/energy_plant/energy_plant.json": {
                        "pos": [
                            [ 369.1883239746094, 121.40766906738281, -310.0945129394531 ],
                            [ 384.6844787597656, 117.99394226074219, -292.50213623046875 ]
                        ],
                        "orientation": [
                            [ -0.5793160200119019, 0.6819042563438416, -0.16196990013122559, 0.4161314070224762 ],
                            [ 0.6736324429512024, -0.5748926401138306, 0.2259356677532196, -0.40579673647880554 ]
                        ]
                    },
                    "/pa/units/land/land_barrier/land_barrier.json": {
                        "pos": [
                            [ 201.90155029296875, 203.55355834960938, -403.747802734375 ],
                            [ 208.63328552246094, 189.7246856689453, -407.0826110839844 ],
                            [ 175.3016815185547, 45.381778717041016, -463.2319641113281 ],
                            [ 176.5830841064453, 52.656951904296875, -461.90576171875 ],
                            [ 175.8247833251953, 32.199710845947266, -464.0921630859375 ],
                            [ 218.44622802734375, 211.57948303222656, -390.2104797363281 ],
                            [ 258.20703125, -77.2313461303711, -416.9083251953125 ],
                            [ 275.8754577636719, -91.82982635498047, -402.6419982910156 ],
                            [ 257.3013610839844, -98.41967010498047, -413.12750244140625 ],
                            [ 293.4833068847656, 298.4270324707031, -261.6116638183594 ],
                            [ 310.42901611328125, 287.4557189941406, -255.38975524902344 ],
                            [ 297.5592956542969, 298.77484130859375, -256.9866027832031 ],
                            [ 405.2197570800781, -149.7971954345703, -252.85096740722656 ],
                            [ 393.59619140625, -146.06173706054688, -271.79864501953125 ],
                            [ 396.21185302734375, -157.74942016601562, -261.5470886230469 ],
                            [ 466.01507568359375, 117.28961181640625, -132.65335083007812 ],
                            [ 465.3944396972656, 134.55816650390625, -118.54742431640625 ],
                            [ 470.6815490722656, 117.23599243164062, -116.39080047607422 ]
                        ],
                        "orientation": [
                            [ 0.7733546495437622, -0.5452967882156372, 0.04683781787753105, -0.3199692964553833 ],
                            [ -0.6476200819015503, 0.6998364329338074, -4.490599891937563e-9, 0.30135905742645264 ],
                            [ -0.29143279790878296, 0.9382457137107849, 1.080203659853396e-8, 0.18644589185714722 ],
                            [ -0.28998327255249023, 0.9388079643249512, 8.092512215895908e-10, 0.18587470054626465 ],
                            [ -0.12262266874313354, 0.9761446714401245, 1.6687405623994067e-10, 0.1791793704032898 ],
                            [ -0.5629717111587524, 0.7584088444709778, 0.03756996616721153, 0.3262934386730194 ],
                            [ 0.309630811214447, 0.9086894392967224, 0.014220698736608028, 0.2796609401702881 ],
                            [ 0.2896813452243805, 0.906603217124939, 6.043104239239483e-9, 0.3068474531173706 ],
                            [ -0.44719094038009644, 0.8478047847747803, -0.20875942707061768, 0.19407951831817627 ],
                            [ -0.5309275984764099, 0.6980383396148682, 0.09489195048809052, 0.47101378440856934 ],
                            [ 0.6254638433456421, -0.6065352559089661, 0.0048055872321128845, -0.4908022880554199 ],
                            [ -0.6583295464515686, 0.5794340372085571, 2.9236549181632654e-8, 0.48047733306884766 ],
                            [ 0.8087500333786011, -0.3071717619895935, 0.5015636682510376, 0.0017072745831683278 ],
                            [ -0.3590199947357178, 0.8021972179412842, -0.33733102679252625, 0.3373311161994934 ],
                            [ 0.31453293561935425, 0.8174566626548767, -0.0043918779119849205, 0.4825083017349243 ],
                            [ -0.21499302983283997, 0.7696244120597839, -2.478519078863428e-8, 0.6012123227119446 ],
                            [ -0.24852921068668365, 0.7415962219238281, 2.0392127098034507e-8, 0.6231118440628052 ],
                            [ -0.20948587357997894, 0.7539516687393188, -0.0014452988980337977, 0.622631847858429 ]
                        ]
                    },
                    "/pa/units/land/radar/radar.json": {
                        "pos": [ [ 356.9300842285156, 117.56829833984375, -325.3414001464844 ] ],
                        "orientation": [ [ -0.2924305498600006, 0.8563278913497925, -1.338504862502532e-8, 0.4256606101989746 ] ]
                    },
                    "/pa/units/land/laser_defense/laser_defense.json": {
                        "pos": [
                            [ 215.25901794433594, 195.4190216064453, -400.9233093261719 ],
                            [ 183.6891326904297, 38.75579833984375, -460.8445129394531 ],
                            [ 262.12115478515625, -86.33431243896484, -412.7429504394531 ],
                            [ 302.2171325683594, 291.7092590332031, -259.74822998046875 ],
                            [ 399.5152893066406, -147.22430419921875, -262.6493835449219 ],
                            [ 466.4983215332031, 124.19377136230469, -124.59811401367188 ]
                        ],
                        "orientation": [
                            [ -0.6030077934265137, 0.7300300598144531, 2.7786459799727936e-9, 0.32161733508110046 ],
                            [ -0.12262267619371414, 0.9761447310447693, -3.821313931950954e-9, 0.1791793704032898 ],
                            [ 0.3131149709224701, 0.9058050513267517, -2.7122659673750604e-8, 0.28544071316719055 ],
                            [ -0.6336053013801575, 0.6107818484306335, -6.801919028021075e-10, 0.47485771775245667 ],
                            [ 0.31337347626686096, 0.8211045265197754, 6.4431038282464215e-9, 0.47705820202827454 ],
                            [ -0.21499302983283997, 0.7696244120597839, -1.4019765792738781e-8, 0.6012123227119446 ]
                        ]
                    }
                }
            }
        },
        {
            "name": "starting zappers",
            "id": 4,
            "delay": 0,
            "planet":0,
            "type": "build_at_existing_unit",
            "special":"unit type",
            "unitType":"UNITTYPE_Commander",
            "newUnitName":[["/pa/units/land/zap/bugzapper.json",1]]
            
        },
        {
            "name": "starting units",
            "id": 5,
            "delay": 0,
            "planet":0,
            "type": "build_at_existing_unit",
            "special":"unit type",
            "unitType":"UNITTYPE_Commander",
            "newUnitName":[["/pa/units/land/fabrication_vehicle/fabrication_vehicle.json",3],["/pa/units/land/attack_vehicle/attack_vehicle.json",20],["/pa/units/land/energy_plant/energy_plant.json",2]]
            
        },
        {
            "name": "reward1",
            "id": 6,
            "delay": 0,
            "planet":0,
            "type": "build_at_existing_unit",
            "special":"unit type",
            "unitType":"UNITTYPE_Shield",
            "newUnitName":[["/pa/units/sea/hover_ship/hover_ship.json",1]]
            
        },
        {
            "name": "reward2",
            "id": 7,
            "delay": 0,
            "planet":0,
            "type": "build_at_existing_unit",
            "special":"unit type",
            "unitType":"UNITTYPE_Shield",
            "newUnitName":[["/pa/units/sea/hover_ship/hover_ship.json",3]]
            
        }
       
    ]
}